Wall time,Step,Value
1614190686.090038,9,-14.332710266113281
1614190770.028656,22,-10.0
1614190796.114549,25,-27.715272903442383
1614191044.6685,57,-15.169065475463867
1614191047.855819,58,-10.0
1614191054.099967,60,-10.0
1614191246.562509,83,-10.038620948791504
1614191249.137484,84,-10.255913734436035
1614191279.359133,91,-10.0
1614191283.185313,92,-11.227006912231445
1614191391.391197,108,-15.064369201660156
1614191590.436181,143,-10.114264488220215
1614191713.110592,171,-11.432465553283691
1614191723.495962,175,-10.0
1614191727.957517,176,-14.400381088256836
1614191907.764423,189,-15.287395477294922
1614192001.84745,216,-10.0
1614192023.023296,221,-15.31160831451416
1614192064.135846,230,-10.523106575012207
1614192097.954635,238,-11.09986686706543
1614192172.769096,248,-11.893641471862793
1614192251.121258,265,-11.52781867980957
1614192285.257134,276,-13.300032615661621
1614192372.667582,298,-9.799010276794434
1614192385.413412,301,-12.138748168945312
1614192396.271071,303,-13.206875801086426
1614192595.078507,329,-10.0
1614192604.324375,332,-10.0
1614192648.006356,342,-10.0
1614192668.14585,349,-8.342463493347168
1614192728.966377,361,-10.0
1614192755.405716,367,-10.200885772705078
1614192776.705932,372,-8.824954986572266
1614192799.883946,376,-11.567593574523926
1614192896.031348,403,-10.0
1614192926.390315,412,-9.745291709899902
1614192975.866052,426,-10.0
1614193020.117131,435,-11.999314308166504
1614193058.094238,447,-10.0
1614193094.854408,456,-11.85788345336914
1614193325.043239,507,-10.705483436584473
1614193346.80923,514,-12.319160461425781
1614193349.266836,515,-10.0
1614193357.093846,518,-10.0
1614193377.979156,524,-7.439267158508301
1614193381.665588,525,-10.0
1614193433.557315,540,-12.200439453125
1614193465.6267,551,-10.0
1614193468.252325,552,-8.653223991394043
1614193472.833459,553,-7.875259876251221
1614193478.701338,554,-11.359018325805664
1614193524.69385,564,-11.44429874420166
1614193554.694553,574,-7.167076110839844
1614193591.047838,581,-10.0
1614193616.903832,589,-10.199999809265137
1614193634.568722,593,-11.1041841506958
1614193661.382609,603,-9.828542709350586
1614193693.743789,615,-10.0
1614193742.767242,629,-7.763134002685547
1614193764.415626,638,-8.115822792053223
1614193810.234705,650,-9.832770347595215
1614193837.356568,661,-10.0
1614193845.213674,664,-10.953361511230469
1614193949.229657,669,-10.007301330566406
1614194019.899518,690,-10.0
1614194026.587447,692,-10.104694366455078
1614194049.618011,697,-10.0
1614194064.468528,701,-10.453876495361328
1614194102.390925,708,-7.848398685455322
1614194244.75546,743,-10.0
1614194252.666322,746,-10.0
1614194277.32763,752,-11.093424797058105
1614194296.437875,759,-8.844223976135254
1614194302.192254,761,-10.119994163513184
1614194308.320569,763,-9.070900917053223
1614194423.667678,794,-9.585256576538086
1614194450.459222,799,-10.0
1614194453.858345,800,-8.23234748840332
1614194525.878377,815,-6.604904651641846
1614194530.35687,816,-9.126481056213379
1614194548.489354,820,-9.1207914352417
1614194557.034427,822,-9.599470138549805
1614194657.922141,827,-10.0
1614194718.069291,842,-8.07964038848877
1614194755.97997,850,-11.127548217773438
1614194757.286399,851,-10.0
1614194780.83829,856,-8.10120677947998
1614194826.910644,867,-8.840795516967773
1614194870.90679,877,-10.0
1614194896.218176,884,-8.99969482421875
1614194914.212917,887,-7.719442844390869
1614194921.297975,889,-10.903172492980957
1614194989.682505,902,-10.0
1614195007.593228,905,-11.774892807006836
1614195045.166171,914,-9.490153312683105
1614195113.61808,931,-10.03605842590332
1614195151.809432,941,-9.703834533691406
1614195411.793717,975,-10.0
1614195426.033393,978,-10.100000381469727
1614195510.909393,996,-8.148115158081055
1614195587.568419,1007,-7.631275177001953
1614195593.089955,1009,-10.0
1614195777.29017,1042,-10.0
1614195784.328961,1044,-8.236978530883789
1614195850.519164,1056,-10.111489295959473
1614195858.677947,1059,-9.512218475341797
1614195899.017052,1066,-7.595918655395508
1614195941.434005,1072,-10.100000381469727
1614196125.396449,1091,-9.612918853759766
1614196392.335372,1132,-6.251976013183594
1614196400.58049,1134,-10.0
1614196529.707294,1155,-8.243895530700684
1614196542.35268,1157,-10.325648307800293
1614196592.017973,1165,-11.055193901062012
1614196714.368576,1170,-6.079648971557617
1614196763.264588,1176,-7.676614761352539
1614196864.37077,1195,-7.782329082489014
1614196915.961095,1202,-9.018858909606934
1614196981.310908,1211,-8.823174476623535
1614197006.047614,1216,-8.490994453430176
1614197055.771017,1222,-10.155604362487793
1614197145.40457,1234,-5.447173595428467
1614197210.000941,1244,-10.986191749572754
1614197236.564677,1248,-10.228529930114746
1614197251.508297,1251,-7.041149616241455
1614197362.446105,1256,-7.322991847991943
1614197418.630033,1263,-7.049246788024902
1614197562.366338,1280,-8.732256889343262
1614197618.104208,1288,-8.357908248901367
1614197728.010189,1303,-8.044746398925781
1614197759.040136,1308,-8.429570198059082
1614197770.98788,1310,-7.855142593383789
1614197797.93348,1314,-11.182483673095703
1614197809.694507,1315,-9.022981643676758
1614197899.443861,1328,-10.119256019592285
1614198186.825101,1354,-6.976088047027588
1614198405.591141,1377,-7.612040996551514
1614198724.991531,1403,-4.722631931304932
1614198813.838011,1413,-5.619297504425049
1614198820.29544,1414,-7.180862903594971
1614198829.37446,1415,-5.68800687789917
1614198868.6186,1418,-8.8483304977417
1614198884.251458,1420,-7.094090938568115
1614198904.893959,1423,-7.505716800689697
1614198939.938266,1426,-7.920002460479736
1614199326.531798,1459,-5.326615333557129
1614199365.366746,1463,-6.946009159088135
1614199448.335047,1471,-6.891768932342529
1614199520.03665,1480,-3.9530436992645264
1614199529.761589,1481,-7.407471179962158
1614199623.451743,1491,-7.644935607910156
1614199916.055407,1512,-12.74852466583252
1614200027.858224,1521,-8.45192813873291
1614200153.136613,1531,-7.027264595031738
1614200349.906636,1546,-6.978100776672363
1614200480.781894,1550,-6.26631498336792
1614200760.318933,1576,-5.164092063903809
1614200850.679059,1585,-6.968246936798096
1614201006.872899,1598,-10.337919235229492
1614201133.743814,1602,-7.188418865203857
1614201323.993763,1620,-7.1629719734191895
1614201351.182829,1623,-6.912603378295898
1614201362.100499,1624,-5.915079593658447
1614201396.159052,1627,-5.862287521362305
1614201417.55045,1629,-6.5136237144470215
1614201463.514956,1633,-6.809892654418945
1614201563.751886,1642,-8.000608444213867
1614201583.000941,1644,-5.60734224319458
1614201623.810784,1648,-6.788135051727295
1614201635.129498,1649,-8.928977966308594
1614201761.66995,1653,-7.231848239898682
1614201818.321164,1658,-5.843884468078613
1614202247.310826,1701,-9.629609107971191
1614202532.160809,1721,-4.214941024780273
1614202718.447681,1740,-5.358508586883545
1614202745.574758,1743,-4.225255012512207
1614202824.182823,1751,-4.830993175506592
1614202895.959971,1758,-5.172391891479492
1614203228.289932,1783,-9.569350242614746
1614203264.565476,1786,-5.230650424957275
1614203413.487296,1800,-5.637774467468262
1614203453.379288,1804,-5.597020149230957
1614203539.753953,1812,-3.973306894302368
1614203658.801511,1815,-5.376393795013428
1614203687.026838,1818,-5.873805522918701
1614203714.054865,1821,-7.976091384887695
1614204009.008105,1851,-4.874144554138184
1614204034.520973,1853,-8.43613052368164
1614204169.426657,1867,-4.055041790008545
1614204220.506381,1872,-7.708863258361816
1614204357.766827,1877,-5.98817253112793
1614204475.64852,1888,-4.429501533508301
1614204608.887863,1901,-5.118673324584961
1614204636.224163,1904,-7.469043254852295
1614204797.123532,1921,-8.262772560119629
1614205034.191117,1938,-3.7440381050109863
1614205092.405204,1944,-5.906442642211914
1614205165.90209,1951,-6.81864595413208
1614205303.970893,1965,-5.116418361663818
1614205464.559835,1981,-3.9675333499908447
1614205528.254408,1987,-6.766467571258545
1614205684.019721,1994,-4.91703462600708
1614205990.824429,2026,-3.026561737060547
1614206145.448904,2042,-5.707348823547363
1614206368.866967,2055,-5.163389205932617
1614206599.915935,2077,-5.625763893127441
1614206653.476713,2083,-5.964372158050537
1614206684.951941,2087,-5.8271164894104
1614206721.375694,2091,-6.157557964324951
1614206764.911341,2096,-7.0077338218688965
1614206998.97002,2110,-4.062264442443848
1614207018.098964,2112,-5.339097023010254
1614207248.669682,2136,-4.215763092041016
1614207644.470771,2167,-5.608881950378418
1614207749.512245,2176,-5.712774753570557
1614207758.607536,2177,-7.17422342300415
1614207796.691512,2181,-6.894234657287598
1614207897.871603,2191,-6.191131114959717
1614207929.430278,2194,-8.358485221862793
1614207951.596035,2196,-4.016282081604004
1614207960.319386,2197,-8.30911636352539
1614208057.012663,2207,-5.576466083526611
1614208149.927035,2216,-4.279519557952881
1614208303.131182,2223,-4.500494480133057
1614208342.343613,2227,-2.7839014530181885
1614208590.865074,2249,-6.260571002960205
1614208780.979205,2269,-7.445530414581299
1614208788.469025,2270,-5.928397178649902
1614208821.103413,2273,-2.6893460750579834
1614208829.12207,2274,-6.7847490310668945
1614208973.070731,2280,-5.429342746734619
1614208982.521188,2281,-6.210378170013428
1614209089.606839,2292,-4.990144729614258
1614209257.456669,2309,-5.280482769012451
1614209298.124808,2313,-3.8909621238708496
1614209338.494862,2316,-14.481307029724121
1614209437.551505,2325,-5.157561302185059
1614209902.310332,2362,-4.1056132316589355
1614210366.67298,2400,-5.946957588195801
1614210546.78705,2418,-6.75377082824707
1614210558.719902,2419,-4.103860855102539
1614210880.468379,2442,-6.957204818725586
1614211134.145202,2468,-4.852557182312012
1614211144.966033,2469,-7.859196186065674
1614211252.576027,2479,-2.7626991271972656
1614211634.168808,2508,-4.358532905578613
1614211644.685822,2509,-4.404214859008789
1614211699.503232,2514,-5.007537364959717
1614211826.126709,2526,-4.196270942687988
1614211983.893761,2542,-6.407680511474609
1614212026.444242,2546,-3.8921921253204346
1614212136.66374,2549,-5.714673042297363
1614212182.612157,2553,-8.077021598815918
1614212243.746944,2559,-7.48101806640625
1614212483.986295,2581,-4.022459030151367
1614212580.515894,2590,-6.374729156494141
1614212605.353419,2592,-8.676339149475098
1614212635.090603,2595,-6.3035712242126465
1614212774.682015,2600,-8.3850736618042
1614212852.04682,2607,-7.528789520263672
1614212923.505909,2615,-5.112600803375244
1614212970.257657,2619,-5.148743152618408
1614213056.576162,2627,-4.79938268661499
1614213245.768734,2645,-5.518812656402588
1614213395.388731,2651,-5.276051998138428
1614213545.403697,2664,-6.123268127441406
1614213570.415326,2666,-3.7293434143066406
1614213657.348368,2674,-3.099668025970459
1614213822.818769,2689,-5.188842296600342
1614213835.245392,2690,-6.053125858306885
1614214054.209948,2703,-5.113537311553955
1614214151.980459,2712,-8.502985000610352
1614214176.110749,2714,-8.133661270141602
1614214196.81713,2716,-5.8176140785217285
1614214252.165746,2721,-7.252935409545898
1614214261.643956,2722,-6.01099967956543
1614214338.354545,2729,-3.958174705505371
1614214363.505712,2731,-5.178366661071777
1614214425.1765,2737,-7.517594337463379
1614214459.306814,2740,-3.654418706893921
1614214512.629141,2745,-7.981919765472412
1614214677.242048,2752,-8.405213356018066
1614214764.914401,2760,-6.382894039154053
1614214959.426802,2778,-6.704768657684326
1614214981.227384,2780,-5.568906784057617
1614215136.868675,2794,-3.324690103530884
1614215240.675126,2796,-5.966701030731201
1614215296.463842,2801,-5.501535892486572
1614215360.427508,2806,-3.3974227905273438
1614215453.092493,2813,-4.634122371673584
1614215529.614441,2819,-3.7196156978607178
1614215878.895808,2839,-3.1590373516082764
1614216004.440703,2850,-5.47981595993042
1614216082.539834,2856,-7.179986953735352
1614216183.873403,2866,-5.808511257171631
1614216292.236453,2872,-6.0049967765808105
1614216341.820288,2877,-7.236644744873047
1614216681.721297,2893,-10.827946662902832
1614216813.829202,2901,-5.507250785827637
1614217259.251132,2922,110.88157653808594
1614218231.751714,2964,109.25023651123047
1614218330.406619,2968,109.35835266113281
1614218396.249696,2971,-3.46185302734375
1614218447.021635,2973,-3.4179153442382812
1614218528.807038,2977,-5.517129421234131
1614218602.303466,2981,-10.443794250488281
1614218644.912644,2983,-4.207573890686035
1614219136.868949,3003,110.725341796875
1614219476.065464,3014,109.53768920898438
1614220037.937013,3033,110.20475006103516
1614220213.347669,3041,-20.401866912841797
1614220587.754575,3053,109.7282943725586
1614220629.515544,3055,110.7594223022461
1614220795.571505,3064,-4.928433895111084
1614221126.833975,3075,105.05906677246094
1614221190.167228,3078,-5.91896390914917
1614221447.913165,3090,110.41744995117188
1614221718.249381,3100,109.34520721435547
1614221770.102024,3102,108.26810455322266
1614221832.530352,3105,107.50457763671875
1614221855.768988,3106,106.09037017822266
1614222526.7577,3130,108.78202819824219
1614222623.336389,3134,109.98189544677734
1614223196.582062,3152,-3.893876075744629
1614223740.873855,3173,-10.0
1614224042.014594,3183,109.14457702636719
1614224631.223799,3207,-20.990148544311523
1614224654.513859,3208,110.54623413085938
1614226297.082479,3268,109.57462310791016
1614226464.688413,3275,110.56975555419922
1614226514.222568,3277,108.44190979003906
1614226868.471656,3290,-18.359390258789062
1614227062.035571,3300,-22.023372650146484
1614227081.966116,3301,108.56178283691406
1614227183.423833,3305,110.05438995361328
1614227354.454478,3310,109.15773010253906
1614227524.440467,3319,110.1827163696289
1614227548.352458,3320,109.56900787353516
1614227571.141445,3321,110.7989730834961
1614227868.046242,3332,108.86796569824219
1614227932.036534,3336,110.51014709472656
1614228041.747068,3343,-6.763972282409668
1614228598.582689,3365,111.11004638671875
1614228825.166043,3376,109.0794677734375
1614228867.511417,3378,109.51579284667969
1614229020.593923,3381,109.24285125732422
1614229443.286492,3400,109.04686737060547
1614229804.703803,3413,108.71643829345703
1614229917.590851,3418,110.27204132080078
1614230218.543253,3429,109.55039978027344
1614230301.423841,3433,109.61158752441406
1614230320.711616,3434,109.20609283447266
1614230720.791872,3450,-5.24925422668457
1614230920.671914,3460,-7.47567081451416
1614230978.053922,3463,-4.58464241027832
1614231286.68207,3473,108.86381530761719
1614231704.533503,3493,107.9607925415039
1614231709.551713,3494,-10.0
1614231894.798473,3499,-2.448812484741211
1614232039.659578,3505,110.87560272216797
1614232171.118805,3511,109.3666763305664
1614232300.975409,3517,110.58856964111328
1614233211.090589,3555,109.24144744873047
1614233220.510893,3556,-10.902835845947266
1614233407.519483,3566,-8.463330268859863
1614233589.584777,3571,109.09504699707031
1614233611.885231,3572,110.22277069091797
1614233736.04176,3578,106.4636459350586
1614234245.828673,3597,107.95296478271484
1614234295.915397,3599,106.91694641113281
1614234811.060165,3612,-1.4487582445144653
1614235272.398839,3619,-1.557979941368103
1614235303.226008,3620,106.337890625
1614235790.478115,3629,108.00166320800781
1614236022.88292,3636,-1.8789780139923096
1614236312.901597,3645,110.17149353027344
1614236922.796208,3663,109.25812530517578
1614236975.318202,3665,110.35006713867188
1614237091.01912,3669,107.47174072265625
1614237812.97834,3690,105.08968353271484
1614238138.586631,3699,110.11936950683594
1614238875.866815,3725,107.14452362060547
1614239405.18754,3740,110.2529296875
1614239619.275016,3744,109.3707275390625
1614239646.727357,3745,104.77099609375
1614239734.569445,3749,109.9677505493164
1614239848.069525,3753,104.8446044921875
1614239917.651311,3755,103.28839111328125
1614240375.167574,3769,105.27764129638672
1614240396.456351,3770,110.7906265258789
1614241086.151773,3793,104.94046783447266
1614241114.739416,3794,106.95410919189453
1614241380.992852,3800,109.00623321533203
1614241512.086057,3805,109.72460174560547
1614241565.520821,3807,106.16802215576172
1614241936.593957,3817,105.6860580444336
1614242169.964114,3825,106.68968200683594
1614242527.445281,3836,110.48544311523438
1614242705.633109,3843,110.86431884765625
1614242816.991066,3848,109.80838012695312
1614243082.494816,3856,109.25704193115234
1614243220.727402,3863,110.59768676757812
1614243240.384296,3864,110.28750610351562
1614243259.463808,3865,110.5696029663086
1614243320.777575,3868,110.3934097290039
1614243459.749286,3875,109.28608703613281
1614243996.616752,3895,110.885009765625
1614244093.703405,3900,111.1215591430664
1614245462.381067,3950,106.05567169189453
1614245561.241326,3954,109.66039276123047
1614245671.456975,3959,108.23033142089844
1614245896.123199,3966,-6.697556972503662
1614245989.68168,3971,-5.531569480895996
1614246182.05519,3981,-7.8382720947265625
1614246697.091174,4000,99.40812683105469
1614247361.437217,4021,109.54399871826172
1614247587.525547,4027,104.76598358154297
1614248428.526629,4060,110.75786590576172
1614248458.91874,4061,101.41667938232422
1614248484.061022,4062,107.13893127441406
1614248880.183599,4076,109.76726531982422
1614249432.540648,4097,106.01555633544922
1614249826.558727,4111,108.86131286621094
1614250081.396197,4123,109.13383483886719
1614250505.033396,4138,111.09720611572266
1614251103.759229,4163,107.19422149658203
1614251197.184758,4167,108.89781951904297
1614251224.362798,4168,106.1504135131836
1614251680.314453,4185,110.783203125
1614251729.698288,4187,107.64374542236328
1614251749.249465,4188,109.72357940673828
1614252180.154532,4206,-7.48967981338501
1614252337.032089,4213,109.8996810913086
1614253123.173948,4246,107.360595703125
1614253332.225078,4252,-2.8833048343658447
1614253458.620042,4258,-14.20695972442627
1614253515.189491,4261,-4.5829176902771
1614253578.553643,4265,-1.3765745162963867
1614253625.649888,4267,107.39885711669922
1614253720.046739,4271,-2.738528251647949
1614253902.69472,4276,-3.5191547870635986
1614253967.925162,4280,-2.4279026985168457
1614254058.329441,4285,-1.9572436809539795
1614254250.264317,4295,-6.42360258102417
1614254545.982169,4306,-4.386673450469971
1614255593.687009,4352,-4.490123271942139
1614255692.743257,4358,-1.7540037631988525
1614255771.802693,4363,102.21336364746094
1614256982.261254,4423,104.73954772949219
1614257118.716604,4431,107.04761505126953
1614257291.902826,4441,107.897705078125
1614257412.303431,4443,-7.113306522369385
1614257479.634726,4447,108.11740112304688
1614257789.940115,4465,106.58316040039062
1614257873.300305,4470,-4.080476760864258
1614258286.065202,4489,108.61182403564453
1614258335.796504,4492,105.1762466430664
1614258873.499138,4517,106.27947998046875
1614258958.238304,4522,107.0381088256836
1614258973.904677,4523,108.66618347167969
1614259009.959982,4525,108.62511444091797
1614259287.229547,4534,109.32510375976562
1614259988.244961,4565,107.79679107666016
1614260061.403609,4569,-2.630268096923828
1614260612.78228,4594,-3.0296099185943604
1614260710.251288,4599,105.25894927978516
1614260965.754065,4608,-2.555335760116577
1614261291.348908,4626,109.48957061767578
1614261644.491351,4640,107.47024536132812
1614261664.929383,4641,107.82218933105469
1614261940.149055,4656,-7.676376819610596
1614262242.7521,4668,-3.139106035232544
1614262609.119697,4688,108.320068359375
1614262730.925952,4690,109.27339172363281
1614262761.09485,4691,107.46578979492188
1614262826.685532,4694,107.54609680175781
1614262870.334989,4697,108.87934112548828
1614263059.327634,4706,108.11199951171875
1614263317.609575,4714,-1.9764199256896973
1614263372.286411,4717,106.99368286132812
1614263682.309403,4733,-3.567103147506714
1614263757.562521,4737,107.58743286132812
1614263993.10016,4744,-1.9515233039855957
1614264555.575359,4768,109.53777313232422
1614264867.781061,4784,108.67312622070312
1614265365.75132,4806,-2.6811161041259766
1614265713.958862,4820,-0.5500335097312927
1614266090.893986,4840,-2.594414234161377
1614266347.807782,4849,110.06024169921875
1614266646.220143,4864,109.88525390625
1614266664.994652,4865,108.77362060546875
1614266909.335508,4874,-1.8910245895385742
1614267059.150341,4882,108.15327453613281
1614267120.249053,4885,99.22816467285156
1614267287.438189,4894,-1.986119031906128
1614267488.038579,4901,107.88446044921875
1614267720.286852,4913,106.51495361328125
1614267736.751799,4914,-3.154308795928955
1614267786.323068,4917,-3.2137157917022705
1614268097.384468,4930,105.96009826660156
1614268326.871048,4943,0.2668994963169098
1614268406.96874,4947,106.25965881347656
1614268433.702114,4949,107.99425506591797
1614268606.734088,4954,101.32008361816406
1614268743.184894,4961,109.6955337524414
1614268865.137354,4967,109.2625732421875
1614268882.927666,4968,104.47164916992188
1614269367.434552,4990,109.25071716308594
1614269465.747063,4995,109.4111328125
1614269715.871202,5004,108.23149871826172
1614269907.993301,5015,-8.52256965637207
1614270319.280294,5031,106.8940658569336
1614270655.577183,5048,108.62374877929688
1614270882.8195,5054,108.0697250366211
1614270918.483754,5056,106.78137969970703
1614270959.595026,5058,107.49376678466797
1614271054.293467,5063,107.9572525024414
1614271164.262077,5067,105.74463653564453
1614271628.756244,5086,109.01791381835938
1614271880.343759,5099,104.37464904785156
1614272232.707539,5113,106.48711395263672
1614272366.038177,5120,107.83570861816406
1614272695.768926,5133,106.8405532836914
1614272960.00358,5147,105.81542205810547
1614272995.870204,5149,107.26915740966797
1614273032.584217,5151,107.9730224609375
1614273050.445354,5152,-1.2799973487854004
1614273173.26492,5154,107.13639068603516
1614273280.408309,5160,105.86280822753906
1614273318.818534,5162,106.16352081298828
1614273359.118814,5164,106.3390884399414
1614273376.955691,5165,107.24388885498047
1614273416.250372,5167,106.12716674804688
1614274165.36914,5202,108.45021057128906
1614274332.913639,5206,106.07520294189453
1614274410.015894,5210,106.43466186523438
1614274577.108615,5219,108.16588592529297
1614274723.419767,5227,106.62718200683594
1614274900.174726,5232,104.3902587890625
1614275016.175795,5238,107.32343292236328
1614275172.426914,5246,104.15574645996094
1614275324.061751,5254,-2.6665730476379395
1614275643.927165,5266,106.92203521728516
1614276820.095952,5318,106.83740997314453
1614276893.347034,5322,108.28366088867188
1614276931.190285,5324,108.45716857910156
1614276996.150913,5327,-8.949938774108887
1614277292.890398,5338,107.99909210205078
1614277451.293189,5347,108.86664581298828
1614277574.169275,5353,105.81150817871094
1614278214.841974,5382,109.88224792480469
1614278253.981933,5384,109.57599639892578
1614278445.066141,5389,108.72613525390625
1614278467.954691,5390,108.3680648803711
1614278844.97189,5410,106.95939636230469
1614279032.575056,5415,109.99766540527344
1614279223.295616,5425,109.39234161376953
1614279370.158357,5433,107.19717407226562
1614279925.714704,5456,108.77149963378906
1614280403.673096,5475,-2.267618179321289
1614280520.286688,5481,107.6725845336914
1614280577.374663,5484,108.0641860961914
1614280891.681695,5496,105.5163345336914
1614281051.209067,5503,105.63601684570312
1614281389.238876,5517,107.82749938964844
1614281523.519176,5524,105.95234680175781
1614281700.977289,5533,106.04328918457031
1614281846.638079,5536,105.26774597167969
1614282080.17952,5548,107.66151428222656
1614282447.180931,5562,106.46007537841797
1614282629.814911,5571,107.84598541259766
1614282684.653371,5574,-5.753012180328369
1614282738.29877,5577,108.72789764404297
1614283135.294694,5593,104.73628234863281
1614283198.306207,5597,-8.526406288146973
1614283298.270281,5602,106.28058624267578
1614283619.497551,5614,106.74385070800781
1614283819.612743,5621,100.93173217773438
1614283937.774291,5626,107.59774780273438
1614284421.664624,5644,108.74649047851562
1614284519.745606,5649,108.73387908935547
1614284561.887188,5651,105.76834106445312
1614284780.123559,5656,108.6667709350586
1614284959.959803,5663,106.76375579833984
1614285508.152116,5681,95.2092056274414
1614285673.179683,5687,107.38691711425781
1614286133.551977,5702,105.90100860595703
1614287373.698601,5746,-6.652860641479492
1614287604.179658,5750,104.41228485107422
1614287624.645906,5751,103.92677307128906
1614287876.153496,5760,-7.752115249633789
1614288074.170319,5765,105.02323150634766
1614288268.728455,5774,102.20696258544922
1614288415.004201,5781,103.75399780273438
1614289593.47549,5826,-3.016859769821167
1614289877.039789,5836,104.07059478759766
1614289897.024408,5837,-4.866911888122559
1614289951.493791,5840,102.3781509399414
1614290712.947842,5875,-6.227180004119873
1614290983.481587,5884,107.51253509521484
1614291040.008415,5887,106.8838119506836
1614291061.528327,5888,107.11796569824219
1614291258.087964,5898,107.53508758544922
1614291593.042496,5910,104.74618530273438
1614292220.801994,5938,105.83817291259766
1614292297.061945,5942,109.43528747558594
1614292373.010771,5946,106.3897705078125
1614292392.434722,5947,106.6697769165039
1614292574.949268,5956,108.59818267822266
1614294234.204328,6027,105.84938049316406
1614294364.783845,6033,107.8112564086914
1614294639.892704,6043,108.07215118408203
1614295401.757861,6079,-4.638847351074219
1614295696.269376,6090,107.93193817138672
1614295811.648674,6096,106.60182189941406
1614296151.984905,6114,106.07785034179688
1614296351.86638,6120,104.5785140991211
1614296391.369293,6122,109.23433685302734
1614296972.738343,6146,103.12704467773438
1614297201.258122,6157,-7.733556270599365
1614297329.693099,6163,104.0310287475586
1614297555.138394,6169,94.35029602050781
1614297829.118592,6181,-13.463616371154785
1614298048.915004,6187,104.61419677734375
1614298169.594782,6193,102.78056335449219
1614298189.176565,6194,102.7418212890625
1614298253.887115,6196,84.49039459228516
1614298314.173866,6199,-6.8741841316223145
1614298491.086958,6206,97.6786880493164
1614298664.736345,6210,-15.221104621887207
1614298703.561063,6212,101.90119171142578
1614298814.42484,6217,93.865234375
1614299004.281951,6225,-5.65358304977417
1614299235.382305,6232,103.02181243896484
1614299315.490731,6236,103.93681335449219
1614300061.712929,6267,104.01477813720703
1614300825.691866,6298,105.09456634521484
1614301091.072434,6305,106.74665832519531
1614301484.576734,6324,103.11160278320312
1614301590.195158,6325,103.77940368652344
1614301673.535532,6329,103.83837890625
1614301729.952681,6332,106.4001235961914
1614301749.60051,6333,104.94522857666016
1614301770.890873,6334,103.54863739013672
1614301961.564323,6343,102.06254577636719
1614302202.69641,6350,-4.964752674102783
1614302300.318671,6355,104.6898422241211
1614302416.448584,6361,-6.914804935455322
1614303177.267925,6391,102.94647979736328
1614303196.910786,6392,105.15377044677734
1614303694.702958,6413,105.69904327392578
1614303970.779796,6423,108.05072784423828
1614304662.571574,6455,106.06041717529297
1614304891.0481,6467,105.48094940185547
1614305216.741961,6480,108.1068344116211
1614305237.17042,6481,103.48382568359375
1614305742.411633,6503,107.11536407470703
1614305895.535887,6511,105.84082794189453
1614306293.971748,6528,106.62208557128906
1614306405.512712,6534,105.05842590332031
1614306544.163669,6542,107.91008758544922
1614306972.481378,6560,-4.765172481536865
1614307238.676631,6574,104.38335418701172
1614307726.230672,6593,107.6728744506836
1614307842.085003,6599,110.60045623779297
1614307859.702355,6600,107.75736236572266
1614308075.232179,6607,109.15835571289062
1614308400.623074,6624,107.81498718261719
1614308530.614294,6631,104.45453643798828
1614308861.407795,6644,104.3956069946289
1614308882.688879,6645,104.86820983886719
1614309689.916927,6683,104.41329956054688
1614309794.875359,6684,104.89665985107422
1614310113.60475,6701,108.78994750976562
1614310188.587183,6705,105.73704528808594
1614310562.120355,6720,-4.024693965911865
1614310755.559891,6730,105.20426940917969
1614311400.270391,6758,106.04804992675781
1614311474.284718,6762,103.4223403930664
1614311689.94374,6769,104.93592834472656
1614311882.551685,6779,105.8736801147461
1614312460.042746,6806,104.15804290771484
1614312559.75523,6811,105.93914794921875
1614312578.802049,6812,106.8810806274414
1614312830.234363,6821,-7.0409770011901855
1614313648.615864,6859,-4.985357761383057
1614313780.143464,6866,108.9223403930664
1614314036.902287,6875,105.50068664550781
1614314053.88161,6876,105.128173828125
1614314073.341686,6877,-4.922461986541748
1614314615.729442,6902,107.61886596679688
1614314689.365652,6906,108.28328704833984
1614314759.064362,6910,107.59072875976562
1614314814.225729,6913,104.10568237304688
1614315010.276047,6923,107.72486877441406
1614315546.025923,6948,108.29266357421875
1614315587.255353,6950,104.63612365722656
1614315842.023818,6958,105.84036254882812
1614315911.935824,6962,107.75794982910156
1614316060.231469,6970,107.80548095703125
1614316095.059612,6972,108.13751220703125
1614316698.918522,7000,105.69628143310547
1614316716.985361,7001,108.27165985107422
1614316973.884172,7010,107.30364227294922
1614317009.262419,7012,105.08528137207031
1614317129.111329,7019,-3.1379013061523438
1614317196.29633,7023,-5.545069694519043
1614317518.560423,7035,104.95030975341797
1614317866.833731,7054,109.17724609375
1614317904.25923,7056,106.062744140625
1614318224.948249,7069,-3.38079833984375
1614318427.499465,7081,110.05601501464844
1614318446.36308,7082,106.90727996826172
1614318505.665045,7085,109.036865234375
1614318542.635913,7087,105.89154815673828
1614318903.163387,7102,104.16638946533203
1614318941.738296,7104,108.06369018554688
1614319030.75061,7109,-2.9823665618896484
1614319180.117453,7117,107.82463836669922
1614319385.738806,7123,103.80751037597656
1614319442.665741,7126,105.5367660522461
1614320659.960218,7184,107.34687042236328
1614320829.707385,7193,107.89691925048828
1614320862.890418,7195,107.48961639404297
1614320900.756513,7197,108.631103515625
1614321037.134504,7200,-6.3558349609375
1614321054.50801,7201,108.77838897705078
1614321362.673205,7218,108.91825866699219
1614321508.149129,7226,108.98764038085938
1614321667.982059,7230,108.64239501953125
1614321721.557147,7233,-4.315700531005859
1614321739.35539,7234,108.68325805664062
1614321872.44786,7241,108.11727905273438
1614322508.541157,7271,108.8818588256836
1614322997.336224,7292,105.40158081054688
1614323073.704813,7296,110.35301208496094
1614323122.139873,7299,-5.307372093200684
1614323264.742851,7307,108.65264129638672
1614323423.791,7311,108.3123779296875
1614323482.500607,7314,110.2975845336914
1614323959.883503,7335,108.73542022705078
1614324014.037817,7338,109.06283569335938
1614324180.444076,7347,107.70257568359375
1614324234.521496,7350,108.82740783691406
1614324253.948199,7351,110.24195861816406
1614324308.085085,7354,108.32672882080078
1614324709.085931,7371,107.96814727783203
1614324763.47245,7374,107.80029296875
1614324818.190959,7377,109.23413848876953
1614324843.782198,7378,102.15332794189453
1614324902.747499,7381,105.57049560546875
1614325289.155515,7397,107.17425537109375
1614325724.330292,7416,109.8558349609375
1614326547.663772,7455,108.56999206542969
1614326627.807852,7459,103.7704849243164
1614326662.557931,7461,106.03329467773438
1614326735.195715,7465,106.44898223876953
1614326931.749428,7471,109.16482543945312
1614327232.622366,7487,108.60100555419922
1614327271.938922,7489,110.70246124267578
1614327292.28117,7490,109.72908782958984
1614327801.55348,7512,108.55148315429688
1614328646.594037,7546,111.45476531982422
1614328964.589689,7563,99.43585205078125
1614329285.717552,7576,109.167236328125
1614329618.259591,7594,108.8887939453125
1614330002.118413,7609,110.72270202636719
1614330203.437168,7620,99.00093841552734
1614330436.82994,7628,110.2558822631836
1614330853.496372,7651,108.07898712158203
1614330872.399255,7652,106.409912109375
1614330994.70009,7654,107.57518768310547
1614331207.086743,7666,108.96849822998047
1614331241.47161,7668,107.03504180908203
1614331415.390996,7678,110.53963470458984
1614331570.687924,7682,110.50440979003906
1614332281.095677,7716,109.85807037353516
1614332351.062512,7720,105.97286224365234
1614332543.92447,7731,109.73262023925781
1614332848.531246,7743,110.24091339111328
1614333316.587481,7764,110.02250671386719
1614333485.190495,7774,110.01914978027344
1614333661.568012,7784,109.46478271484375
1614334404.240107,7821,96.9234390258789
1614334594.295928,7827,104.75967407226562
1614334873.255887,7843,107.29351043701172
1614335313.487284,7864,109.36677551269531
1614335519.235335,7876,106.59550476074219
1614335904.865028,7894,106.76091766357422
1614336008.844184,7900,108.34362030029297
1614336094.350385,7905,105.58409118652344
1614336110.494848,7906,108.98048400878906
1614336553.433301,7927,108.90736389160156
1614336661.964462,7934,109.04328155517578
1614336745.77492,7939,109.55168151855469
1614336946.754826,7946,109.05968475341797
1614337308.062407,7967,110.19290924072266
1614337611.984841,7980,106.97083282470703
1614338179.659407,8007,108.11665344238281
1614338331.713005,8016,105.2979507446289
1614338751.509496,8036,108.47134399414062
1614338785.596409,8038,107.52999877929688
1614338934.019262,8047,107.38578796386719
1614339185.599124,8062,106.25579833984375
1614339436.040708,8070,107.32857513427734
1614340071.245412,8103,109.24699401855469
1614340284.872902,8116,-1.8286337852478027
1614340571.592022,8128,107.76889038085938
1614340857.046584,8145,108.2741928100586
1614340926.45348,8149,104.90886688232422
1614341129.158185,8156,110.76811218261719
1614341296.433156,8166,107.82588195800781
1614341330.145364,8168,110.78175354003906
1614341348.029682,8169,111.13377380371094
1614341364.95622,8170,107.1441879272461
1614341413.010029,8173,-3.713597059249878
1614341463.51974,8176,107.59481811523438
1614341528.74391,8180,103.8370132446289
1614341784.250886,8189,110.98634338378906
1614341870.644873,8194,105.1052474975586
1614342059.411505,8204,111.1788330078125
1614342393.03241,8219,111.0979995727539
1614342533.467801,8227,-2.1441688537597656
1614342602.83028,8231,-4.284142971038818
1614342961.569216,8247,106.69424438476562
1614343656.31392,8280,109.3727798461914
1614343719.115095,8284,109.25379180908203
1614343974.882691,8299,110.79173278808594
1614344512.143071,8325,109.00611114501953
1614344562.738357,8328,106.33379364013672
1614344869.768613,8341,107.26895141601562
1614344887.122769,8342,109.31366729736328
1614344939.054865,8345,102.73442077636719
1614345064.353512,8352,107.83063507080078
1614345118.543342,8355,104.64279174804688
1614345274.507414,8359,106.3558349609375
1614345389.016353,8365,97.05149841308594
1614345621.18291,8379,108.25981903076172
1614345737.984178,8386,109.39300537109375
1614345893.185649,8390,110.37519836425781
1614345909.530007,8391,109.12109375
1614345961.673691,8394,110.4651107788086
1614346027.32631,8398,108.52243041992188
1614346146.936451,8405,111.41502380371094
1614346234.632377,8410,109.4213638305664
1614346514.390598,8421,110.35716247558594
1614346766.517188,8436,108.57666015625
1614346866.917077,8442,108.46822357177734
1614346936.085929,8446,-3.9249179363250732
1614347217.923158,8458,110.86283874511719
1614347446.584682,8472,104.62737274169922
1614347564.115131,8479,102.7608642578125
1614347732.294082,8484,107.34022521972656
1614347750.803269,8485,103.99617767333984
1614347767.065551,8486,109.16677856445312
1614347786.197359,8487,106.7666015625
1614347889.925245,8493,102.96479034423828
1614348007.860038,8500,110.2990493774414
1614348382.615991,8517,106.01934814453125
1614348867.139787,8541,105.29582977294922
1614349354.347073,8570,110.15771484375
1614349617.185716,8581,-3.882692337036133
1614349650.546063,8583,108.62091827392578
1614349898.925502,8598,108.44078063964844
1614350069.350358,8603,106.38038635253906
1614350350.585596,8619,-5.159369468688965
1614350501.380417,8628,106.7806396484375
1614350757.618801,8638,108.98462677001953
1614351012.817993,8653,109.2975082397461
1614351357.992284,8668,-2.9070024490356445
1614351431.699904,8672,102.48150634765625
1614351516.971794,8677,107.05321502685547
1614351860.545003,8692,110.8909912109375
1614351997.845267,8700,108.42791748046875
1614352168.068177,8710,110.69580078125
1614352254.250074,8715,107.1156234741211
1614352654.080932,8733,107.95242309570312
1614352897.424985,8747,110.19867706298828
1614352932.414581,8749,109.94266510009766
1614353770.407047,8786,109.05287170410156
1614353787.172716,8787,110.72882080078125
1614354024.199949,8801,107.03760528564453
1614354166.013396,8810,109.76388549804688
1614354421.626251,8820,95.85319519042969
1614354679.045005,8835,107.61167907714844
1614355051.365401,8852,105.31668853759766
1614355159.063285,8858,99.7821273803711
1614355227.247738,8862,104.95521545410156
1614355509.326855,8873,108.16783142089844
1614355526.482496,8874,105.05767822265625
1614355592.545967,8878,109.12714385986328
1614355625.87112,8880,105.10936737060547
1614355899.131924,8896,104.19989776611328
1614355951.173211,8899,108.48979949951172
1614356236.389983,8911,-2.7245569229125977
1614356250.465433,8912,-3.816953420639038
1614356301.206809,8915,108.0135498046875
1614356420.164083,8922,109.255615234375
1614356469.920968,8925,111.0800552368164
1614356673.875739,8932,106.4083480834961
1614356758.168305,8937,108.85562133789062
1614356825.110708,8941,108.93639373779297
1614356929.279356,8947,111.28616333007812
1614357152.279854,8960,107.96624755859375
1614357271.713887,8962,108.68624877929688
1614357427.656485,8971,106.45169830322266
1614357699.358505,8987,109.73778533935547
1614357730.94924,8989,109.2827377319336
1614357850.127317,8991,101.23307800292969
1614357884.236974,8993,110.96804809570312
1614358002.894764,9000,106.17227172851562
1614358437.615661,9021,106.86463165283203
1614358555.445076,9028,108.36703491210938
1614358909.27916,9049,109.89458465576172
1614359272.575353,9066,107.9310302734375
1614359454.623347,9077,111.50273895263672
1614359771.836095,9091,108.01866149902344
1614359916.574149,9100,102.05152893066406
1614360046.375456,9108,109.44178771972656
1614360382.131213,9123,106.15381622314453
1614360467.775759,9128,110.67011260986328
1614360482.22279,9129,-4.054646015167236
1614360913.333282,9150,110.76322174072266
1614360928.35426,9151,-1.7891947031021118
1614361176.345871,9166,109.1771469116211
1614361715.456094,9193,109.2430419921875
1614361929.231734,9206,108.92103576660156
1614362387.457476,9228,109.24600219726562
1614362518.439639,9236,109.22130584716797
1614363018.540028,9260,107.24004364013672
1614363135.473985,9267,108.51541900634766
1614363396.688654,9277,106.44789123535156
1614363514.719521,9284,106.18560028076172
1614363566.929194,9287,103.04098510742188
1614363965.630112,9305,107.18775939941406
1614364150.686175,9316,108.33338928222656
1614364333.353496,9327,108.70311737060547
1614364588.893499,9337,107.78617858886719
1614364804.910678,9350,107.77574920654297
1614365153.087597,9366,106.78899383544922
1614365205.842953,9369,107.22406005859375
1614365324.731339,9376,102.65567016601562
1614365479.4709,9385,108.95577239990234
1614365628.705724,9389,110.58723449707031
1614365646.582883,9390,105.08585357666016
1614365725.059985,9395,-1.8314954042434692
1614365850.131343,9403,106.74365997314453
1614366119.14745,9419,-7.979145526885986
1614366529.482665,9439,109.5322494506836
1614366627.462612,9445,109.66154479980469
1614367063.19627,9466,109.9295425415039
1614367442.859656,9484,110.38806915283203
1614367545.144292,9490,106.32215881347656
1614367629.431062,9495,106.63414764404297
1614367806.525621,9506,106.28163146972656
1614368185.569793,9524,109.25790405273438
1614368219.005959,9526,107.45086669921875
1614368269.117989,9529,110.50347137451172
1614368492.804387,9542,106.65785217285156
1614368510.131754,9543,108.71463012695312
1614368868.825915,9559,105.52465057373047
1614369094.635451,9572,108.18258666992188
1614370138.730066,9625,107.06373596191406
1614370221.109252,9630,108.23252868652344
1614370283.891939,9634,-1.049757957458496
1614370601.838675,9648,108.72942352294922
1614371058.275569,9671,102.0716552734375
1614371223.19984,9681,109.23920440673828
1614371272.532681,9684,-1.8199256658554077
1614371403.639222,9692,108.66448211669922
1614371743.590876,9707,107.4068374633789
1614372287.890165,9734,109.54887390136719
1614372345.46219,9737,108.65837860107422
1614372435.840988,9740,-44.71476364135742
1614372790.994068,9748,110.8681869506836
1614372954.716962,9756,109.38619232177734
1614372999.85331,9759,-3.1104960441589355
1614373033.590776,9761,106.08096313476562
1614373522.018283,9780,-4.1694817543029785
1614373658.625219,9786,90.84183502197266
1614374000.414895,9799,110.7449722290039
1614374017.721182,9800,110.32708740234375
1614374052.298686,9802,108.1037368774414
1614374626.866198,9830,106.10658264160156
1614374661.142071,9832,110.16417694091797
1614374730.13868,9836,111.07817840576172
1614374782.48968,9839,105.27532958984375
1614375252.622807,9861,105.92721557617188
1614375464.62828,9873,107.0925064086914
1614375836.37288,9889,109.336669921875
1614375955.91251,9896,110.91712951660156
1614376082.82773,9903,109.64002227783203
1614376447.622718,9918,105.93270111083984
1614376639.119811,9929,105.76744842529297
1614376798.583159,9938,108.1693344116211
1614377018.271451,9944,110.40784454345703
1614377158.928116,9952,109.3621597290039
1614377647.857905,9975,109.873046875
1614377889.583818,9989,-14.442350387573242
1614378135.472724,9998,106.07598876953125
