index,x,y,z
0,-1.2226191900664964e-07,5.442680185812041e-08,-0.19609802334865545
1,-1.1874138169945801e-07,5.5188534024829655e-08,-0.196098022794946
2,-1.1534844116216329e-07,5.586590382448755e-08,-0.19609802151736513
3,-1.1207114390370379e-07,5.647838727460506e-08,-0.19609802098997914
4,-0.019441717282305458,-0.027391782597033197,-0.19711395631145406
5,0.007519610589320257,0.0017994959597488975,-0.21069713435353338
6,0.0036869953055023758,-0.019034541210108554,-0.2910065330758558
7,-0.008083971061945472,-0.02556926246573288,-0.3010110247084301
8,0.002329408622278678,-0.018150517082258594,-0.3083635936864036
9,0.018181965489047294,0.0032324266531929425,-0.30754589143045474
10,0.02787691578777994,0.009485416132565908,-0.3011273746996074
11,0.034744262996348724,0.023403199447237823,-0.27977231416787457
12,0.05175558740147287,0.059050826293529535,-0.2110259494022525
13,0.07942418372527757,0.08718371515048523,-0.23993191181782128
14,0.04995102665396013,0.055731142314523634,-0.2177337318929453
15,0.014133322435041359,0.031102853147655984,-0.09704817200282083
16,0.027213730641908258,0.04219730219074657,-0.06736888489033777
17,0.012785782510946211,0.027692865965549707,-0.04188129406978544
18,0.01325122693362053,0.025247578084579943,-0.06198131712546703
19,0.0022357081266407078,0.018232061992647475,-0.08771278640690336
20,-0.0039030846957486204,0.010951092694315732,-0.08833743382726993
21,-0.0076113685940942775,0.0035741563036444687,-0.09924087975054816
22,-0.0024912020261041706,0.03123309418603088,-0.011661009858122648
23,0.013365118058786311,0.061867186190700925,0.037424640034136654
24,0.06635608720466499,0.13567593747679338,0.054805775731451914
25,-10.20300413699688,-27.955271613923443,-0.24637621044104652
26,-10.28158649980997,-28.047686108465864,-0.28303877328054033
27,-29.294249269471543,-47.00439709047834,-11.135916863003557
28,-32.63806715809882,-50.36459592687524,-7.742967747879271
29,-69.34086642203809,-87.06513070871155,-15.312841013644105
30,-93.08897381466345,-110.80510118435909,-20.9315922942036
31,-112.63364942931116,-130.26655758112872,-35.60254577084506
32,-133.10978185250548,-150.73572148150964,-39.23954482118375
33,-139.05973427149615,-156.60476961954726,-45.13882997448836
34,-133.8634040381678,-133.4946696922375,-49.88558564078708
35,-133.79157856148726,-133.39893642311506,-49.89978761976281
36,-199.70704729988086,-107.24959238301807,-43.12009507485833
37,-201.08344836429836,-111.19108827492616,-44.322592861069005
38,-176.16375657992188,-101.14803189192575,-39.4902806295748
39,-153.9771275704879,-79.42607557241332,-31.930723286577972
40,-139.98207412222328,-65.7242997678488,-18.626833509154125
41,-120.17858421843327,-45.90814276734866,-15.68646655642498
42,-128.49924674062268,-65.60681401844968,-11.550734754660448
43,-123.52057421973389,-60.73182875945603,-6.499169629022889
44,-134.97087403521758,-82.78680271301238,-0.39562388900972206
45,-82.30246073192731,-81.74215410434556,6.492542732027458
46,-103.40299431357056,-103.31203924002035,-2.0258259928288513
47,-95.52710022903963,-85.13301753584324,-1.8398057032236343
48,-102.64571402336803,-99.48870578530494,-9.261086073047945
49,-160.01232784782601,-119.68255356002305,-18.7559981856598
50,-159.405377105915,-119.13851692175723,-18.164151500022772
51,-157.11160167457564,-123.00873227915953,-16.26226136843831
52,-178.63363707151584,-159.88871785954746,-27.714253000047673
53,-167.25022076044877,-137.92802661534122,-33.756786432191895
54,-134.95350515505643,-146.18486987959514,-36.60404928311881
55,-109.09685503241813,-117.35699957863547,-30.234507050987563
56,-106.94836441623345,-125.16325529228604,-29.093675134148455
57,-100.76408615382167,-126.8280233270497,-24.163937125814684
58,-38.437531852531535,-102.37643587587776,-11.85229502113234
59,-38.410244051947885,-102.342139237953,-11.862039005279032
60,-28.20498234044558,-88.17359248270093,-10.671139754246488
61,-6.594185589317797,-51.192231461824555,0.7815556126534245
62,-6.527839870492936,-51.10481140455424,0.7484715879008892
63,-6.7130697869944616,-59.29900333203336,3.6560728111516974
64,-10.309752906865047,-74.54544955899193,5.249844416017415
65,-11.385140114868932,-61.10376684757465,6.324675780760176
66,-8.921789090372025,-43.12231606632481,6.800466056136071
67,-10.51580002305318,-55.1695283159481,9.245209370527812
68,-10.87546460229669,-59.54401376709435,5.536039238545976
69,-13.836713897418436,-61.08971797539664,8.567170353436271
70,-20.50430169840855,-76.57045517803334,7.508900608094389
71,-22.36336022314781,-78.4277494924737,5.651995387790369
72,-25.805440039954178,-82.03644349755209,2.621969299399156
73,-25.53111951545527,-81.92937010139764,-0.574362424706181
74,-27.05956979536643,-85.73271740998683,-2.7930587966692544
75,-27.065805827023848,-85.72900339521155,-2.7850125081635904
76,-28.042891612772777,-83.85442586425978,-14.09744769766144
77,-32.76278903929427,-99.1679988905586,-10.09404614156832
78,-34.373213746950825,-93.5886314814939,-8.755779128369884
79,-31.526844128624774,-91.96085825568348,-6.069125139471011
80,-33.039466809305765,-106.35491136076021,-3.7004314141633663
81,-29.4865652157437,-94.57545278613793,-3.542528637059407
82,-32.18347193926637,-97.72951206755747,-7.408041575829819
83,-27.845702718714097,-91.11673343257185,-4.874386977200881
84,-30.836203571235096,-106.01769009752246,-4.6720219526726945
85,-32.23685630337223,-111.37322384386304,-0.7358065827419193
86,-34.90980605892912,-107.53674368627533,-0.7958968796282035
87,-28.59452838073701,-96.34958236949085,-6.554454780529119
88,-24.790774165781013,-82.53177953959208,-8.209545815212792
89,-21.595987379894076,-70.61982414172394,-6.566922758628564
90,-22.023975603381228,-71.03873047533332,-6.984889629952481
91,-16.05597677149551,-52.72423629519889,-1.563512749065742
92,-23.124345980960502,-63.78546144682423,-6.212704801296722
93,-20.119030702228265,-48.8810777316143,-6.418228766531784
94,-15.588397125958203,-31.90989409424462,-3.013215631978584
95,-7.82831994634163,-16.045028481781298,-3.177272172902715
96,-10.38827601100464,-31.74028038374743,-3.5485974247516476
97,-10.378314479025372,-31.74760578976449,-3.5657095455731675
98,-10.216580426526772,-27.433255530941405,-5.710349154935251
99,-18.55110707448219,-43.233036620276465,-3.277792777204115
100,-18.54221145850051,-43.209493149474696,-3.205417510405071
101,-15.231887855268806,-44.56273566088434,-1.9701164428167302
102,-15.220850295010978,-44.54443557836049,-1.973941508957717
103,-15.222695901963881,-44.54490241454081,-1.9892860422683762
104,-22.24404786430755,-51.53953989968633,-8.326910430683137
105,-23.84207690258487,-52.111392799485216,-7.189198315239431
106,-28.448020246210433,-62.07350315088755,-7.594629841908833
107,-33.16086363811445,-66.76524474841715,-11.108165599583266
108,-26.634464749445026,-52.78853446025654,-10.818095277279546
109,-26.65904245605812,-52.81885572078413,-10.875840274282123
110,-27.265343009344704,-48.358389666657985,-7.598698141449938
111,-34.09889213623411,-64.05479028945196,-10.501650545026486
112,-37.88223340297015,-77.04101532192917,-9.046464369260732
113,-37.3357457338869,-92.3182978313056,-1.082005069571669
114,-33.16970926185134,-76.04834651002649,-1.8967094696216735
115,-33.31200308084792,-76.81133686077457,0.5580321182832618
116,-36.84750520964875,-84.92189816195476,-0.3523116808041067
117,-39.20814407738112,-87.26279735324931,-7.26619015181097
118,-39.19386284537687,-87.24395982792477,-7.2707492578780055
119,-40.672433270962934,-85.65870358936218,-2.4314838635820073
120,-39.24620979161212,-76.6847734141336,-0.7860495318311851
121,-35.46342390397221,-63.69137910694441,-2.2164618226079913
122,-28.967317880723524,-41.40688115083628,-3.902840846117497
123,-28.973848706050667,-41.41342660685021,-3.830748193967469
124,-24.239560106866428,-30.6591558990541,-5.887297288482856
125,-24.504570992718016,-31.61951482674161,-15.33917798486818
126,-24.128486573981792,-41.09314967121886,-17.93295174015417
127,-27.407116127084773,-51.05848476990556,-17.50919282777542
128,-21.539718103867486,-44.67370327986046,-22.23299072084889
129,-16.131104626856064,-37.945243191052015,-20.956743862653425
130,-19.278619825388294,-41.066534513927536,-17.753507125325285
131,-19.280185235990686,-41.04946046489646,-17.65807641300926
132,-26.94831908103014,-48.71189091798291,-14.625715097208317
133,-32.540720613384515,-54.567882539557985,-20.54334599434861
134,-24.002535003083768,-40.77227294820727,-6.639769872245996
135,-19.764779202358913,-26.703617822300416,0.6004964022249458
136,-7.895755832471197,-26.63952041181663,4.818012464890604
137,-7.895816105695644,-26.6282125591042,4.879751338790442
138,-7.892716736833941,-26.62124535785536,4.897706419497572
139,-4.725252669670439,-23.476149313981182,1.7258908039910874
140,-4.723138214256968,-23.46451886000924,1.678359689346972
141,2.958392765496536,-15.778094366860788,-1.3756123626258274
142,8.57845086045344,-9.906237202875054,4.569046147753185
143,8.558881606740762,-9.928559305136538,4.566346561170218
144,8.565235049389926,-9.913419715775193,4.5450145917367895
145,-0.007002829950486596,-0.004831523521937085,-0.08197338594181944
146,-0.010451358618042408,-0.006748696608579435,-0.11737398226348025
147,-0.014941647930691054,-0.016177673299779007,-0.13804269754153636
148,-0.008957580148180202,-0.005899562769715156,-0.16237897580829397
149,-0.004091464511974054,-0.008335258620584653,-0.18258079857404938
150,0.0013192284822710234,0.00013360863835650458,-0.18660252256406398
151,-0.0032542011159956696,-0.009763054929652633,-0.18920368844378285
152,0.02476127813136998,0.026589985782879855,-0.22191512370599953
153,0.022630280974296303,0.01806120217275719,-0.19749712799135513
154,0.025066097192949666,0.022360735582448645,-0.20290113607664825
155,0.011010147733060261,0.013422427458622847,-0.1748203442461897
156,0.015251429003354985,0.0162380326539697,-0.18331162736567522
157,0.01693834232165725,0.018661715849339382,-0.1832518792987707
158,-0.007845774078572367,-0.0035685205381137306,-0.15647964124258185
159,-0.00611164932264421,0.0012506705056725053,-0.14593771141894304
160,0.020832742083000438,0.03625997566273631,-0.20960447133159463
161,0.02182327077756953,0.022960385517701194,-0.2544376119925771
162,0.0004490239121220343,0.003203743911799842,-0.26121582612669564
163,-0.00563395451441197,0.00024305665163494776,-0.2506386648044604
164,0.01616317235031971,0.0144861305549393,-0.2872080640793466
165,0.01244239095591656,0.008654635370023329,-0.2713233721761805
166,0.01984858856938255,0.015429517834570786,-0.2415760998024988
167,0.06097190491587348,0.05622288007869759,-0.2432684532203241
168,0.04424054236364192,0.044352144517922305,-0.2336038959722092
169,0.02579451206498495,0.02931592065651086,-0.1429886782195911
170,0.012807024166351707,0.038146308079415485,-0.0638395890813917
171,12.665066526170232,0.09128212484720047,-0.3786300461201002
172,12.665080354409632,0.09146597701894715,-0.3783681791280868
173,12.676170618403901,0.10714464012395374,-0.3452568278897599
174,12.663215037437265,0.09957040495544861,-0.3157825819837906
175,12.648953376582897,0.0888417672894905,-0.27354439264886554
176,12.598904586088505,0.04147515063676498,-0.24780343973669058
177,12.621788855961556,0.054396453231244084,-0.2979000048158116
178,12.650724902565987,0.08095245531459597,-0.41199042865193514
179,12.633578704323646,0.04524496587029762,-0.41758140310544
180,0.010160197612438672,0.023763534570365025,-0.12466521046040896
181,0.008977343569515774,0.009160075082176145,-0.12616417055116502
182,-0.008821720828108833,-0.011892438637688395,-0.14370355222394424
183,0.0033330459950004334,-0.0015790393692396937,-0.1587638083419314
184,-0.007744124616211153,-0.017979354171757347,-0.22333559557888194
185,0.017229758092406587,0.0019494191478892677,-0.25550054512682974
186,0.008244404323754968,-0.0002593410875764285,-0.18771740839526854
187,-0.05531111372049015,-0.07000042623770114,-0.0718964374057301
188,-0.02876714739777292,-0.03931326846777369,-0.10526313568555021
189,-0.035832436222163214,-0.04696063379180036,-0.08588602323757609
190,-0.014037587715385911,-0.013752387190687061,-0.08306522691754019
191,-0.007903195620004064,-0.010273314120141932,-0.10352897722614313
192,-0.009528562800733354,-0.02750349669141718,-0.1184491762684315
193,-0.00035613650075797226,-0.02057284613347912,-0.10903710422282409
194,-0.02344641014527565,-0.03702283162403538,-0.07864758289959241
195,-0.03179636643894832,-0.04252639471736955,-0.10665872522344773
196,0.0005727455285352922,-0.01031935934114166,-0.13621991135851103
197,0.007244246561541286,-0.006684222765888082,-0.18443418270260814
198,-0.007632900988771652,-0.02429985549146823,-0.1995368920847299
199,-0.01306811337874056,-0.035281104805547574,-0.22594230252123854
200,10.04802874478915,-1.6464443019017807,0.10304624587095562
201,10.049912837948277,-1.6237765604046264,0.0947887578320023
202,10.053606734843909,-1.625040836915734,0.0868278379111364
203,10.075821824989115,-1.6088351582902574,0.07169240629926095
204,10.086556332499429,-1.6013371875152784,0.06583427706747755
205,10.060429526011479,-1.558052822948509,0.10093790957217474
206,10.060893244076881,-1.4840042002156182,0.018157698179103548
207,10.075750849902054,-1.4634578477350868,0.016283221345344583
208,10.064142698814033,-1.4686584791993988,0.03596701485852922
209,-0.0011562678870428481,0.1405413206523618,-0.28435294893250534
210,-0.001494825437505594,0.13509970901032908,-0.2829494784005628
211,-0.004186560485357494,0.1370716597982977,-0.2892815851275215
212,-0.003753547080589834,0.14028440491676664,-0.3045960302111473
213,-0.010747300943834318,0.12601214272761083,-0.3045776234431214
214,0.011788875716990091,0.08096149039457194,-0.33610116667278706
215,0.0004331505760182613,0.001387320234786187,-0.19783517286764923
216,-0.0001835375034112799,-0.0005787591563896274,-0.19584701574480212
217,-0.0001773680092868511,-0.000571518985051736,-0.19578119454833953
218,-6.56076485799724e-05,-0.000556518463460005,-0.1959198467139938
219,-0.00034345883262107863,-0.0009122582625982867,-0.19601768476261422
220,-0.0003547987178412948,-0.000928807291271054,-0.19598473624324825
221,-0.00034663169293253657,-0.0009137494356208665,-0.19599176691274967
222,-0.00034131321000308555,-0.0009027959063039058,-0.19601242210673314
223,-0.0003513058093104132,-0.000915846587764856,-0.19608709818597658
224,-0.0003443865305620091,-0.0009025506528257605,-0.1960946928813801
225,-0.0003314373893263661,-0.0008804072676982115,-0.19610624424108977
226,-0.00034104733333976934,-0.0008929452259989934,-0.19618338333394822
227,-0.0003339321205634342,-0.0008793543005967678,-0.19620322457096756
228,-5.5054813716043614e-05,-0.0005225548888399168,-0.19611507167610798
229,-6.001521492750438e-05,-0.0005332314543709577,-0.19611773580273542
230,-5.879646193168565e-05,-0.000535124631446099,-0.19611360141305262
231,-5.694288736238471e-05,-0.000536122900286444,-0.1961092339206033
232,-5.50206449938656e-05,-0.0005370334692935152,-0.1961048776509085
233,-5.3087081007357555e-05,-0.0005379382158375503,-0.19610055589891
234,-5.114795275477345e-05,-0.0005388454048122863,-0.19609626941604452
235,-4.9203492624934446e-05,-0.0005397553952704083,-0.19609201728805434
236,-4.725338096180072e-05,-0.0005406677594653338,-0.19608779899846956
237,-4.529809991202518e-05,-0.0005415832259754365,-0.196083614313898
238,-4.333760962683133e-05,-0.0005425017614065474,-0.19607946327651715
239,-4.138099210003609e-05,-0.0005434129080368725,-0.19608357588711053
240,-3.9419526505227616e-05,-0.000544327909072616,-0.19608763990051514
241,-3.7452535974852465e-05,-0.0005452457865627181,-0.19609166287530752
242,-3.548026086135898e-05,-0.0005461668857102656,-0.19609564937619742
243,-3.35027136669104e-05,-0.0005470912004884696,-0.19609960198149484
244,-3.1520122747714136e-05,-0.0005480190663566505,-0.19610352217800617
245,-2.9532747156772413e-05,-0.0005489508860274804,-0.1961074106698124
246,-2.7540056500063126e-05,-0.000549885930698539,-0.1961112677053224
247,-2.5542585333445745e-05,-0.0005508249752329342,-0.1961150933211682
248,-2.3531733741116492e-05,-0.0005517775396812082,-0.1961113071291565
249,-2.1516045354333935e-05,-0.0005527338558904186,-0.1961075651221916
250,-1.949525402709594e-05,-0.0005536936139027391,-0.1961038606706927
251,-1.746973477052281e-05,-0.0005546573219252052,-0.19610018984007527
252,-1.5439215006260892e-05,-0.0005556247258548517,-0.19609655042984386
253,-1.3403895259268467e-05,-0.000556596098187306,-0.19609294122751375
254,-1.136371613476239e-05,-0.0005575713666760287,-0.19608936169026928
255,-9.3188227491685e-06,-0.0005585507631647119,-0.1960858116502131
256,-7.272661500170728e-06,-0.0005595294301376166,-0.1960856578625054
257,-5.225306928793253e-06,-0.000560507064632291,-0.19608913149974655
258,-3.172670691154522e-06,-0.0005614883100233324,-0.1960925683293927
259,-1.1151984833467808e-06,-0.0005624738272027457,-0.19609597270129198
260,9.471480241046803e-07,-0.0005634635877140401,-0.19609934708576648
261,3.0141548832405716e-06,-0.0005644578806214962,-0.19610269280751816
262,5.086320710574874e-06,-0.0005654560855416339,-0.19610601051208845
263,7.166914409671052e-06,-0.0005664626047952288,-0.1961061534535963
264,9.25223542301808e-06,-0.0005674735927734146,-0.1961063019324748
265,1.1346009896885089e-05,-0.0005684935659059061,-0.1961030859442942
266,1.3444521226167111e-05,-0.000569517930809601,-0.19609990369936353
267,1.554769752829713e-05,-0.0005705468180181371,-0.1960967515208558
268,1.7654999641784718e-05,-0.0005715810118330071,-0.1960936273427186
269,1.9767143870360004e-05,-0.0005726195446026637,-0.1960905301031482
270,2.1880448082795878e-05,-0.0005736590299768733,-0.1960903955487964
271,2.3998454014812172e-05,-0.0005747032170426312,-0.19609025509935343
272,2.6117293862996143e-05,-0.000575748602741229,-0.19609325899757796
273,2.8241073980316356e-05,-0.000576798524654706,-0.19609622895580162
274,3.03697378308834e-05,-0.0005778531337685055,-0.1960991692935681
275,3.250318514447181e-05,-0.0005789126664278895,-0.19610208249161817
276,3.4641452155309724e-05,-0.0005799770764937408,-0.19610496984241294
277,3.678775556082823e-05,-0.0005810496663586815,-0.1961050994598571
278,3.893845459866045e-05,-0.0005821276506619206,-0.19610523413914105
279,4.109698509222364e-05,-0.0005832148320510757,-0.19610243475800226
280,4.325926638945074e-05,-0.0005843082739930093,-0.19609966797150932
281,4.54258676691062e-05,-0.000585407238770729,-0.19609692951998278
282,4.759583612847849e-05,-0.0005865130930612661,-0.19609421696528256
283,4.9763947137764794e-05,-0.0005876330930980769,-0.19609152904104038
284,5.1936860640839295e-05,-0.00058875033992569,-0.19609140333630737
285,5.411574985417453e-05,-0.0005898712657562197,-0.19609127443575003
286,5.6297085090278404e-05,-0.0005909930809223656,-0.19609387700851316
287,5.8483783614770046e-05,-0.0005921196503196138,-0.19609644972860657
288,6.0676087639283715e-05,-0.0005932506730733786,-0.19609899619712434
289,6.287447619245451e-05,-0.0005943855482715312,-0.19610151844417179
290,6.508156997519667e-05,-0.0005955275101331847,-0.1961016362724426
291,6.729504165389782e-05,-0.0005966729075965198,-0.19610175809535274
292,6.952042702920141e-05,-0.0005978142030510535,-0.19610188160118278
293,7.175080885733873e-05,-0.0005989686018942268,-0.19609946722948812
294,7.398483439710763e-05,-0.0006001299948905542,-0.19609707944106705
295,7.62229955957498e-05,-0.0006012976973112217,-0.19609471567047806
296,7.846297831849805e-05,-0.0006024684521796128,-0.1960946020094999
297,8.070779245046892e-05,-0.0006036447761714541,-0.19609448399504437
298,0.0024392372679400472,0.0020191169343133425,-0.13346073794083113
299,0.025213221385214497,0.02008203986895575,-0.1445583947145116
300,0.021512894932752467,0.014670718754950364,-0.12643474050383727
301,0.020191381296210356,0.020368311925393602,-0.10292826751179036
302,0.0073036365385378355,-0.011954524917787531,-0.15338850319976893
303,-0.004102233146336919,-0.043467512125227654,-0.20508723357942418
304,-0.00800367950518444,-0.047847759488808796,-0.18322142043988163
305,0.010783198604946446,-0.03043203381842135,-0.21499605265418403
306,0.0026661450635724108,-0.0631997182746092,-0.2864042107167941
307,-0.006584361695829103,-0.08595257288342789,-0.3104236717116847
308,-0.024854587720060425,-0.11175392418085542,-0.27516585103047075
309,-0.014567903140751367,-0.11980657806243772,-0.27846573884240416
310,11.814396480989899,-8.034796175057943,-0.2783348773175534
311,11.841890056585395,-7.998251696583381,-0.27295468014756746
312,11.835653156242456,-8.011175790822687,-0.2825510743248062
313,11.839611741199812,-8.006371182779498,-0.30469186622291194
314,11.821000389558911,-8.023301926471092,-0.2731599823540439
315,11.829175423523058,-7.990933536037684,-0.20235370335392008
316,11.836097247502797,-7.971134550756641,-0.24137756382949893
317,11.831823078405154,-7.968023443635419,-0.27755760076454106
318,11.846305277293746,-7.8977671143433845,-0.23343350327504891
319,0.034546425924187746,0.05518763342594402,-0.20361636401774175
320,0.02625075759112668,0.060579815523771674,-0.15751337011580258
321,0.06879638396680908,0.12386752274291966,-0.14828191899155785
322,0.06430428118383263,0.12274049021000419,-0.16903866569621936
323,0.05660831189427725,0.10402733486483406,-0.2381318404209278
324,0.05403910340191899,0.10552021001627429,-0.193234124371223
325,0.06660358438990291,0.12675863784126726,-0.1811799992268816
326,0.07650640912869687,0.16052349521411036,-0.1242763748755347
327,0.04858212104678244,0.071162334761045,-0.24504088959312142
328,0.032756264687226436,0.027500084357868427,-0.2766688746462647
329,0.026326848711606423,0.01799551155992832,-0.2780325064886967
330,0.0015810841700760253,-0.0009313459523300002,-0.226384144696169
331,-0.003316288862149762,-0.004876550877273141,-0.22336018109893555
332,-0.011815682100371103,-0.027635545789600854,-0.2053613667558708
333,0.0036882560152158156,0.00785616596517589,-0.20177998170131842
334,-0.024187803073982,-0.04341329971443488,-0.2703149010955292
335,-0.028799900845364754,-0.05865342015726094,-0.29160936281580624
336,-0.04074414587653923,-0.04946017544359238,-0.29093413975746124
337,-0.06477617333795008,-0.0945544835681689,-0.3535054687457289
338,-0.05559338766120206,-0.08519726914924292,-0.35914467918883236
339,-0.037992140690815954,-0.036842010357748305,-0.30770437359003044
340,-0.02863260050831245,-0.03199696388309932,-0.2899055562909114
341,-0.043416826386048046,-0.01961366154484656,-0.1967941554114583
342,-0.05887569903199516,-0.05728000818600222,-0.25762750772669396
343,-0.01459599179032137,0.0009806433721215898,-0.2618284483432908
344,-0.02006407830698907,-0.012869086379603127,-0.2636135761814028
345,-0.016494232303987597,-0.022106222432176376,-0.2586807937049389
346,-0.008353141077392493,-0.02381776968324266,-0.2853924060853596
347,-0.021945714582222064,-0.049377523022952424,-0.34669873213445457
348,-0.048117254615889754,-0.12019806723900545,-0.4536997461624554
349,-0.04965373587599788,-0.12315489663339672,-0.4487679375068956
350,-0.01885964313921797,-0.09443011397895748,-0.49054106270237896
351,-0.01831625148662587,-0.10440298653696597,-0.47653922195335696
352,-0.03843437633354759,-0.11192540540637957,-0.4058857762661576
353,-0.049438837909296755,-0.1498711158443544,-0.4769428819662549
354,-0.03416096692009621,-0.11721585232616229,-0.3988207610825361
355,-0.024092858642293373,-0.06899407575470683,-0.30969107937606133
356,-0.020119248345393345,-0.046262922983920714,-0.2638084256194926
357,-0.07207020335317602,-0.046998180382456164,-0.22140991745910832
358,-0.08335061998418712,-0.01892015845943559,-0.18657613395459363
359,-0.08278577113569732,0.03032888735172049,-0.1548276519590025
360,-0.06997664513084009,0.06179340423494891,-0.19238532977557699
361,-0.07944963559893953,0.043316761078422215,-0.1791788911168221
362,-0.06223766089795779,0.09000944412281059,-0.1728340342596246
363,-0.06227526779794265,0.09002366029826712,-0.19478372339397917
364,-0.056478774073501534,0.0886701152306289,-0.21645503713908118
365,-0.055889665320849664,0.08209610247053875,-0.1950518273654398
366,0.004508017068468222,0.10543707543180698,-0.18147473313809181
367,0.017330884954292983,0.08018318204353239,-0.22103177928011453
368,0.01680880651385158,0.030877945954533803,-0.25277957715033783
369,0.0059548748808295505,0.01053234200829151,-0.21626726072475042
370,0.006582310277392862,0.00869696425278329,-0.23903538651592912
371,0.0003564883244423805,-3.3369071756256846e-05,-0.1961292539204137
372,0.0003799020938193602,-2.5569775315134876e-05,-0.19609499113245288
373,0.00038124903664606293,-2.3601221509266523e-05,-0.19609727769573404
374,0.00038037366318977657,-2.235750260711164e-05,-0.19609727906484106
375,0.00037927663773259265,-2.1202197128836314e-05,-0.19609718980932078
376,0.00037815982570709497,-2.0057971287626406e-05,-0.19609709623546556
377,0.0003770428183278123,-1.891509557704782e-05,-0.19609866463999914
378,0.00037592938758672216,-1.7772977013947852e-05,-0.19609875534835286
379,0.0003748188535940853,-1.663234364193878e-05,-0.19609884976767578
380,0.0003737111238917339,-1.5492778928760922e-05,-0.1960989466199593
381,0.0003726076758837867,-1.4353328320345955e-05,-0.19609729381390797
382,0.0003715061501525249,-1.3214918977642343e-05,-0.19609719860805674
383,0.0003704073902968898,-1.2077626633069933e-05,-0.196097100276181
384,0.0003693115389236044,-1.0940900293365837e-05,-0.19609699978822082
385,-0.005614152429895291,-0.004589774833705804,-0.2087913725354327
386,-0.3882773757421571,-0.320196057858529,0.2030258883617288
387,-0.39090269192089894,-0.31758946430835616,0.1596800647381822
388,-0.3909213142572976,-0.31754765379694927,0.16159190567205003
389,-0.3909345067082192,-0.3174971812530112,0.16172425011853397
390,-21.64172733332039,-22.271002835157287,-0.09463042464854803
391,-27.660546034810707,-27.028562013831774,0.0011720226516021498
392,-27.658788599706796,-27.026103940567097,0.0037029730469888677
393,-27.642120355699628,-27.012061373431017,-0.04258695302206491
394,-27.636150642689344,-27.007338379506784,-0.030398840427824987
395,-27.253525491791418,-26.691672695203874,-0.4422292844574893
396,-27.25090934196022,-26.694270716101972,-0.3988739854477086
397,-27.25089368835441,-26.694309508997193,-0.4007840940133257
398,-27.250882865813583,-26.694357488772525,-0.4009155019142443
399,-6.000092348694077,-4.7408493939280145,-0.14456281540003724
400,0.018724054594121048,0.01671221889141138,-0.24036726669041375
401,0.016964327796884462,0.014256577357951834,-0.24290024717527853
402,0.0002937980847909254,0.00021643961066146914,-0.1966123807482076
403,0.00030417747249573035,7.584264270350151e-05,-0.1961057757343384
404,0.0003388882687429203,2.0001693554534933e-05,-0.19609058670447987
405,0.0003447018354811635,1.4986332149530484e-05,-0.19609803335712697
406,0.0003443262872688494,1.5522601549233783e-05,-0.19609770927483003
407,0.010763073736984558,0.08624698270327713,-0.10644204461632753
408,-0.019227711043339257,0.06806211938155547,-0.10643702415328858
409,-0.012436297140128168,0.08406026887547818,-0.07381014301068131
410,-11.960784989076867,-8.141156630551697,-0.03408909214787728
411,-11.936657688839723,-8.09736456316107,-0.07244078603742514
412,-11.926771460997406,-8.076809921181054,-0.07395969256699858
413,-11.922844144390547,-8.0697033919313,-0.09135425816383835
414,-11.936360494603381,-8.07998404160461,-0.09892340782878072
415,-19.342705070446723,-12.914304883068173,-0.3897171792875283
416,-19.353083079761873,-13.000559269710001,-0.4828074770060133
417,-19.323074748358245,-12.982450183979761,-0.4828593016433352
418,-19.329851675028138,-12.998529606513351,-0.5155248803403412
419,-7.381488975621778,-4.77339449946,-0.5552494960864668
420,-7.405602480401632,-4.817268371814028,-0.516898251861468
421,-7.4154750950022565,-4.837904777551842,-0.5153819916598219
422,-7.419388975266127,-4.84509302227759,-0.49799008977578285
423,-7.405859364631523,-4.834894037837246,-0.4904236350503208
424,0.0004982959906741667,-0.0006548104865485649,-0.19963259410175546
425,0.00046950239349696023,-0.0007123865004717859,-0.19619957881452119
426,0.00046367497293966397,-0.0007170086638898505,-0.19615009869510996
427,0.0004607304246332358,-0.0007160762698723759,-0.19610870261292274
428,0.00045809455522230393,-0.0007145682410056947,-0.19610240618366193
429,0.00045550063015570183,-0.0007129903785347448,-0.1960991884963993
430,0.0004529179905636804,-0.0007113956303843879,-0.19609606970690568
431,0.000450341006902307,-0.0007097898772157718,-0.19609622394711046
432,0.00044777155820186604,-0.0007081732363668826,-0.19609637651696185
433,0.0004452099366833479,-0.0007065452846739152,-0.19609652859505558
434,0.0004426555334726848,-0.0007049072305560378,-0.1960966812568672
435,0.0004401066581161909,-0.0007032592311163609,-0.19609996212122202
436,0.0004375676486927623,-0.0007016002220330803,-0.19609979990241724
437,0.00043503633659023125,-0.0006999307739503718,-0.19609964092703858
438,0.00043251272583576055,-0.0006982510265317139,-0.19609948298345825
439,-0.003628617278975047,-0.0028134022838985904,-0.1897370672323837
440,-0.039172925815235,-0.05050185927779785,-0.12956620197267565
441,-0.03873069920986996,-0.05103181541797484,-0.11162352142583301
442,-0.038761213762852166,-0.05115975645607654,-0.08990938637406876
443,-0.026467384388442046,-0.03313321740398647,-0.08872918890003133
444,-0.014121073082291222,-0.016780015556540632,-0.10686151484854992
445,-0.03289296739653528,-0.03791893362001632,-0.06413177181647647
446,-0.027887298779074407,-0.02263845998434499,-0.06548898647329174
447,-0.027632441366278904,-0.023584446128955956,-0.04759366640883266
448,-0.019589005538923777,-0.015026167971652092,-0.06212619290974159
449,0.012662320791239775,0.0234693771401271,-0.11074458655619862
450,0.039275914670477224,0.06951525795940725,-0.13035078156863697
451,0.04791598389235394,0.07976184526816715,-0.18007198914616027
452,-2.0439568806795467,-0.8584666513998549,0.6990143811101986
453,-6.523809583912364,-2.828911100736561,1.254996148833208
454,-6.506674214587524,-2.8092286549180727,1.2103363759713437
455,-6.504618246776297,-2.814208765758179,1.2122347891033254
456,-6.498427380804206,-2.800094466336907,1.2188287546211054
457,-6.497878078047815,-2.799004055758785,1.233616405817856
458,-6.513259500560881,-2.8145481519755244,1.2221081944999304
459,-6.544042956533936,-2.858733699898049,1.2238045414968972
460,-6.545417193627994,-2.8578637592577087,1.2335667041435006
461,-4.459265011656178,-1.927600787634554,0.3341740206951882
462,0.028372069392889793,0.0739363167286073,-0.14628429650118768
463,0.04237816237904683,0.09231180131713475,-0.18766770614051406
464,0.04390617174687329,0.09535386872796878,-0.203249682294761
465,-10.004081781153284,-3.4311945289951296,-2.1876301190868963
466,-10.01471857050988,-3.4522029710771465,-2.198232699295943
467,-18.346781917799458,-6.280929830010019,-1.407017192699736
468,-18.335596447887315,-6.2690983525732555,-1.484655603193425
469,-18.34431187910003,-6.287667422349455,-1.4664164706009557
470,-18.34978329573762,-6.2957944238504995,-1.4491591077075279
471,-18.35420700048803,-6.3075506133151515,-1.4589812724286915
472,-20.676337394014094,-7.012362279014563,-1.0504151563974127
473,-20.68044289582636,-7.018665082263265,-1.0345244093118884
474,-10.636651235096334,-3.5005609705517333,0.9233226276910824
475,-10.666821363847925,-3.5252130921612537,0.8971182857796806
476,-2.3079189549280263,-0.6599412392105161,0.10570696184316535
477,-2.309041087868786,-0.6638225013502789,0.16475365746206777
478,-2.2876192964079975,-0.6102481644420444,0.22243066178188522
479,-2.272101388153256,-0.5744275539772977,0.27386091013335484
480,-35.89731783471828,-8.890221991074128,1.1092274946957457
481,-33.58904888364466,-8.205125363750442,0.7469368940004094
482,-34.76367098620565,-8.485302196077365,0.7316294498361068
483,-35.230402117252595,-8.594551159241021,0.7310173645333556
484,-35.933360797059095,-8.717929775046741,0.7666857558623275
485,-36.50646757340868,-8.848342501524094,0.762361914747716
486,-37.340689645057836,-9.025955879586926,0.7932960581277766
487,-37.774698783494756,-9.152527043742628,0.7297029483054162
488,-38.86435987053069,-9.390908757124594,0.6709993909863721
489,-6.421302696285003,-1.3194449930233216,-0.2233411096037008
490,-6.42116489521834,-1.31671470043365,-0.22610234598002432
491,-6.920516395717336,-1.3181120125670296,-0.21184193418181368
492,-7.672768637534383,-1.4038378058385588,-0.21643953102646046
493,-7.90707961130887,-1.387336026966568,-0.19927592807279537
494,-8.12860337147638,-1.3795139858384635,-0.20111833037066518
495,-7.944697779959082,-1.296748182510186,-0.21975362929820744
496,-8.56365603101172,-1.3457718072506315,-0.21219080992038805
497,-8.194556078891276,-1.2267399544863888,-0.21335910814951858
498,-8.292301882968935,-1.1569834008533928,-0.1775240135228475
499,-8.92271183414076,-1.2204398241132397,-0.17446499326470727
500,-7.900420642869823,-1.0058418234229123,-0.17369505227881296
501,-7.2689878502864405,-0.8648089092573138,-0.17624879243458041
502,-6.76262149036591,-0.7556610209245604,-0.1903962019644467
503,-6.830359017204919,-0.7040739067244463,-0.19334336073184813
504,-6.724500425483466,-0.6515720485679446,-0.17693485537464287
505,-6.106083967821829,-0.5441170991287707,-0.17826884074842647
506,-5.842334399380643,-0.48251378488100793,-0.1680419166112498
507,-4.870969785961351,-0.35458815014292644,-0.1883868573708111
508,-5.376120757635512,-0.3262650545254711,-0.17187217647941658
509,-6.162406443745984,-0.2979470340723354,-0.189014191548108
510,-6.770011543501264,-0.2663724549143753,-0.1615080639160371
511,-7.728475475178923,-0.2390092455671929,-0.18698742847447639
512,-9.126829438018035,-0.1766974992244035,-0.16027439618732836
513,-10.004551010049358,-0.1291457814467498,-0.1865139297512698
514,-10.513343116608686,-0.08972909138688931,-0.21204024548759684
515,-10.076857562455649,-0.06765481741042105,-0.21359841056344053
516,-10.3716908356675,-0.035421012319223205,-0.1962349271135421
517,-10.229185330789415,0.04270899350103653,-0.2528390479379723
518,-10.60265091318356,0.16490272179554333,-0.2082148442359508
519,-10.082830797121726,0.22322898812744915,-0.2044311818455734
520,-10.963320923858596,0.3859449544329217,-0.19558066724502823
521,-9.152320849595467,0.41638797898262997,-0.2092454085918665
522,-8.181119630076331,0.43943594100764355,-0.18976066969852387
523,-7.2596252363967135,0.4226757110466827,-0.15252834998214834
524,-7.263043887168625,0.4077400857508888,-0.14013296141912332
525,-6.663814311693053,0.395750901389357,-0.15076721861967046
526,-5.670881473037089,0.3466804806737193,-0.1267975197071723
527,-3.8653053245123186,0.25605832448963617,-0.15114988876076052
528,-3.1985792594786235,0.2042978328627128,-0.16709727223416704
529,-0.9051732512208357,0.02711824863108693,-0.19358164415106824
530,-0.4601293642899853,-0.005315923008723869,-0.19364696926748592
531,-0.018608098104074253,-0.04347832205229762,-0.1860592485198078
532,-0.030375213609257386,-0.056840823908589896,-0.15723338572427814
533,-0.026353283353987744,-0.04467553041016838,-0.15759791457668818
534,-0.03846935589982915,-0.05691710493057481,-0.1740614637299448
535,-0.05700990931313951,-0.06552274102552677,-0.12485270025572238
536,-0.04578933936060277,-0.05858967679951926,-0.16886447739369542
537,-0.015032781834710216,-0.017762096285716414,-0.19146483597460373
538,-10.05593596490837,-10.367164332435078,-1.729777271986328
539,-10.061022854509055,-10.372436132423658,-1.752748188595272
540,-10.067659548685558,-10.380010653838315,-1.7313426389130457
541,-10.049262937485338,-10.354018765130403,-1.7887826223049592
542,-10.050690048883721,-10.360322444301643,-1.7822027415725654
543,-10.038821504698625,-10.348850167616732,-1.779125485649058
544,-10.03615840541531,-10.350127561497168,-1.7867679223903126
545,-10.040427916460981,-10.351506754127614,-1.754809216893867
546,-10.06559955947448,-10.382355279200983,-1.7359870273189815
547,-0.009748582305123824,-0.011911846382083783,-0.16912511820692033
548,-0.030539752238732978,-0.026386160927480768,-0.1146414049637268
549,-0.0008260106360026399,0.007969812657346115,-0.17693149569504993
550,-0.025924857103711993,-0.021752685361299387,-0.12854675117871073
551,-0.0071209200476791135,0.010995277080470474,-0.16961605464954393
552,-4.463990749826492,-12.196425436283441,-0.3914610072658951
553,-4.426794265631438,-12.159450232360921,-0.44957621551559623
554,-4.41752559747297,-12.153094922511396,-0.46108462725311333
555,-4.416729531288328,-12.152000228525912,-0.4627539857282223
556,-4.432171690499849,-12.16971791685053,-0.450727119428594
557,-7.112911089330926,-18.84451122765485,0.5246238470484849
558,-7.132878817763662,-18.870659852413958,0.5546946631730407
559,-7.1125098380922545,-18.854071326741213,0.5228937004871189
560,-7.126794666713118,-18.879829160117893,0.5469972451216324
561,-2.681250302964413,-6.680926671049463,0.7714084826582248
562,-2.7011018487499805,-6.701881093480267,0.8008216571895177
563,-2.71595637910474,-6.713745089996937,0.8206847713640909
564,-2.715984520817678,-6.713743130863367,0.8205895488752254
565,-2.7027722337289886,-6.694110323712342,0.8146357252339118
566,0.00035088035619367793,-0.0006959921383717983,-0.19595061261907532
567,0.0003367778309514228,-0.005090409503537201,-0.18577310192301832
568,-0.0004517342257137162,-0.006218873458947328,-0.16327173053602304
569,-0.01242587812916916,-0.022110075143221268,-0.12710299663275043
570,-0.012619520983627265,-0.02310719824750553,-0.09784906188151177
571,-4.126349503698423,-7.520463616648972,-0.13354041364322067
572,-4.130366877518796,-7.531021563445285,-0.10248633607773322
573,-4.145538741835775,-7.544277293044727,-0.08070885904240893
574,-4.176444415742578,-7.587158181520236,-0.05642948666956582
575,-4.187547868675406,-7.606304574461149,-0.048921397553005744
576,-4.146422028284799,-7.554456865045883,-0.13017270386633695
577,-6.369575906758583,-11.166505304564389,-1.1114095821544627
578,-6.3574920009460625,-11.155711750229225,-1.1435206525732253
579,-6.352703400665293,-11.161926944436194,-1.2152714863338405
580,-10.41769743932316,-16.1863513200536,-1.3467092956289177
581,-10.413285009939193,-16.17025026261298,-1.354072308293147
582,-10.390751641227583,-16.147841753314157,-1.375510684049906
583,-10.35924879528562,-16.10209335496117,-1.3997218746442195
584,-10.333268986093191,-16.066067032968686,-1.423344549498196
585,-10.374333714688287,-16.11357552472581,-1.3524311075232083
586,-8.14966637103315,-12.497268885464873,-0.3936215568854134
587,-8.14600942028336,-12.487569270198497,-0.4203710056407716
588,-8.135034120921961,-12.448098471037403,-0.3160407608239005
589,0.0438294276719556,0.07371537716952231,-0.127130708725162
590,0.04352659644612153,0.06818724753880506,-0.12902834862307747
591,0.017184630591091928,0.03531769616580354,-0.13063585584085188
592,0.014828485474938952,0.028506073137865445,-0.12704840655825242
593,0.012513762419992771,0.03699984026764674,-0.10044374648104067
594,0.00853747417130835,0.02068980835452664,-0.15642765753578866
595,0.010395720080031291,0.0239147157131303,-0.13283880363617603
596,0.0067268180163069695,0.019330517476997374,-0.08834794245462246
597,-0.013645911360499675,-0.03194677713538957,-0.20740505470864337
598,-0.006642186718546096,-0.027327961594510987,-0.23170191440609816
599,-0.008460251549430167,-0.03300677972719417,-0.24270545778696972
600,0.007427371149040959,-0.009590477271483563,-0.22973271947415233
601,0.026496728507643806,0.020474125492542173,-0.30096403991464865
602,0.014044017120937271,-0.004899263174811667,-0.2896552125983523
603,0.019086515713725598,0.015834619039941867,-0.21068196034567901
604,0.021630834134502237,0.023548144043285126,-0.2526882567901543
605,0.007283631317300887,0.004017648254287465,-0.2672861013137269
606,0.007334201627138366,0.010586074917380317,-0.21048370447230308
607,-1.6300745047166014,-1.5575686665830613,-1.8639130385076443
